"user_id","full_name","country" 
"8cf67430-3002-4040-9d9e-cb3517f7d4c8","Publius","Rome"
"e8c9fa08-845c-4e51-b147-e7ecb118b447","Cneus","Rome"
"3d94365b-00ae-4bca-a28e-381d20e98a52","Marcus","Rome"
"4ff5bccc-a59e-44f2-afc5-d0408549c341","Alexander","Athens"
"8e6c160e-2a65-43cb-931d-d1135c965b4e","Julius","Rome"
"18a565ac-d83d-453b-b1cf-bb71eb5a5699","Octavian","Rome"
"33dfab69-dfe4-4a77-abd1-ccc764c7e73d","Publius","Rome"
"2ac5e82a-c43d-4e82-97f6-4982c6c68b51","Ovidius","Rome"
"91912e64-e15e-4ed2-86eb-afd800780cba","Claudius","Rome"
"3a596779-2e97-485f-802f-c06433fab968","Marcus","Rome"